Codigo;descripcion;FECHA;CANTIDAD;SALIDA;STOCK;PRECIO;TOTAL;CATEGORIA;MARCA
64.30002;MOCHILA ESPALDA UNIFORM;22/10/2017;0;;0;;;MOCHILAS ESPALDA;MOCHILA ESPALDA LSD
64.30003;MOCHILA ESPALDA UNIFORM;22/10/2017;7;;7;;;MOCHILAS ESPALDA;MOCHILA ESPALDA LSD
91.24200;MOCHILA ESPALDA ONLY GIRL;11/10/2017;1;;1;;;MOCHILAS ESPALDA;MOCHILA ESPALDA LSD
91.24202;MOCHILA ESPALDA ONLY GIRL;11/10/2017;6;;6;;;MOCHILAS ESPALDA;MOCHILA ESPALDA LSD
91.24203;MOCHILA ESPALDA ONLY GIRL;11/10/2017;4;;4;;;MOCHILAS ESPALDA;MOCHILA ESPALDA LSD
91.9602.1;MOCHILA ESPALDA ONLY GIRL;11/10/2017;1;;1;;;MOCHILAS ESPALDA;MOCHILA ESPALDA LSD
91.24203;MOCHILA ESPALDA ONLY GIRL;11/10/2017;4;;4;;;MOCHILAS ESPALDA;MOCHILA ESPALDA LSD
91.26810;"ESPALDA ROCKER NEGRA 17"" NENA";11/10/2017;2;;2;;;MOCHILAS ESPALDA;MOCHILA ESPALDA LSD
91.26811;"ESPALDA ROCKER NEGRA 17"" NENA";11/10/2017;2;;2;;;MOCHILAS ESPALDA;MOCHILA ESPALDA LSD
91.27032;"ESPALDA LSD TEENS CLUB 16"" NENA";22/10/2017;1;;1;;;MOCHILAS ESPALDA;MOCHILA ESPALDA LSD
91.27204;"ESPALDA LSD MULTICOLOR NENA 18""";22/10/2017;9;;9;;;MOCHILAS ESPALDA;MOCHILA ESPALDA LSD
91.27214;"ESPALDA LSD MULTICOLOR NENA 18""";11/10/2017;5;;5;;;MOCHILAS ESPALDA;MOCHILA ESPALDA LSD
91.27209;"ESPALDA LSD ESTAMPADA RO/GRI VARON 18""";11/10/2017;8;;8;;;MOCHILAS ESPALDA;MOCHILA ESPALDA LSD
91.27212;"ESPALDA LSD ESTAMPADA AZUL/ ESC VARON 18""";11/10/2017;5;;5;;;MOCHILAS ESPALDA;MOCHILA ESPALDA LSD
91.27215;"ESPALDA LSD ESTAMPADA VERDE/GRIS VARON 18""";11/10/2017;4;;4;;;MOCHILAS ESPALDA;MOCHILA ESPALDA LSD
96.4103;"ESPALDA LSD LOGIN COMBINADA NENA 19""";11/10/2017;1;;1;;;MOCHILAS ESPALDA;MOCHILA ESPALDA LSD
94.978;MOCHILA ESPALDA LSD VARON  ;11/10/2017;1;;1;;;MOCHILAS ESPALDA;MOCHILA ESPALDA LSD
10.1271;MOCHILA ESPALDA SURF LSD;22/10/2017;4;;4;;;MOCHILAS ESPALDA;MOCHILA ESPALDA LSD
94.978.1;MOCHILA CON ESTAMPADO NENA;11/10/2017;11;;11;;;MOCHILAS ESPALDA;MOCHILA ESPALDA LSD
94.970.3;MOCHILA LSD ESTAMPADA;11/10/2017;1;;1;;;MOCHILAS ESPALDA;MOCHILA ESPALDA LSD
10.1200;ESPALDA LSD LISOS UNISEX ;22/10/2017;41;;41;;;MOCHILAS ESPALDA;MOCHILA ESPALDA LSD 2018
10.1202;"MOCHILA ESPALDA LSD ESTAMPADA NENA 16""";11/10/2017;76;;76;;;MOCHILAS ESPALDA;MOCHILA ESPALDA LSD 2018
10.1203;MOCHILA  ESPALDA LSD ESTAMPADA VARON;22/10/2017;37;;37;;;MOCHILAS ESPALDA;MOCHILA ESPALDA LSD 2018
91.1197;"MOCHILA ESPALDA LSD PLANNING 18""";11/10/2017;5;;5;;;MOCHILAS ESPALDA;MOCHILA ESPALDA LSD 2018
91.1198;"MOCHILA ESPALDA LSD PLANNING 18""";22/10/2017;3;;3;;;MOCHILAS ESPALDA;MOCHILA ESPALDA LSD 2018
91.1200;"MOCHILA ESPALDA LSD PLANNING 18""";22/10/2017;4;;4;;;MOCHILAS ESPALDA;MOCHILA ESPALDA LSD 2018
91.1207;"MOCHILA ESPALDA LSD PLANNING 18""";22/10/2017;6;;6;;;MOCHILAS ESPALDA;MOCHILA ESPALDA LSD 2018
91.1208;"MOCHILA ESPALDA LSD PLANNING 18""";22/10/2017;11;;11;;;MOCHILAS ESPALDA;MOCHILA ESPALDA LSD 2018
91.1209;"MOCHILA ESPALDA LSD PLANNING 18""";11/10/2017;8;;8;;;MOCHILAS ESPALDA;MOCHILA ESPALDA LSD 2018
91.1211;"MOCHILA ESPALDA LSD PLANNING 18""";11/10/2017;2;;2;;;MOCHILAS ESPALDA;MOCHILA ESPALDA LSD 2018
91.25306;"MOCHILA ESPALDA LSD AIR 17.5""";22/10/2017;10;;10;;;MOCHILAS ESPALDA;MOCHILA ESPALDA LSD 2018
91.25308;"MOCHILA ESPALDA LSD AIR 17.5""";11/10/2017;4;;4;;;MOCHILAS ESPALDA;MOCHILA ESPALDA LSD 2018
91.25700;"MOCHILA ESPALDA LSD S.W.A.T. 18""";11/10/2017;7;;7;;;MOCHILAS ESPALDA;MOCHILA ESPALDA LSD 2018
91.25701;"MOCHILA ESPALDA LSD S.W.A.T. 18""";11/10/2017;15;;15;;;MOCHILAS ESPALDA;MOCHILA ESPALDA LSD 2018
91.26000;ESPALDA LSD WINSITE ESTAMPADA VARON 17,5;22/10/2017;0;;0;;;MOCHILAS ESPALDA;MOCHILA ESPALDA LSD 2018
91.26003;ESPALDA LSD WINSITE  VARON 17,5;17/10/2017;24;;24;;;MOCHILAS ESPALDA;MOCHILA ESPALDA LSD 2018
91.26004; ESPALDA LSD WINSITE ESTAMPADA VARON 17,6;11/10/2017;1;;1;;;MOCHILAS ESPALDA;MOCHILA ESPALDA LSD 2018
91.26010;ESPALDA LSD WINSITE ESTAMPADA NENA 17,5;11/10/2017;2;;2;;;MOCHILAS ESPALDA;MOCHILA ESPALDA LSD 2018
91.26012;ESPALDA LSD WINSITE ESTAMPADA NENA 17,6;11/10/2017;8;;8;;;MOCHILAS ESPALDA;MOCHILA ESPALDA LSD 2018
91.26014;ESPALDA LSD WINSITE ESTAMPADA NENA 17,7;22/10/2017;6;;6;;;MOCHILAS ESPALDA;MOCHILA ESPALDA LSD 2018
91.26015;ESPALDA LSD WINSITE ESTAMPADA NENA 17,8;11/10/2017;1;;1;;;MOCHILAS ESPALDA;MOCHILA ESPALDA LSD 2018
91.26721;"ESPALDA LSD CARBONO 18""";31/10/2017;12;;12;;;MOCHILAS ESPALDA;MOCHILA ESPALDA LSD 2018
91.26724;"ESPALDA LSD CARBONO 18""";31/10/2017;12;;12;;;MOCHILAS ESPALDA;MOCHILA ESPALDA LSD 2018
91.28300;"ESPALDA LSD REFLEX 19""";17/10/2017;12;;12;;;MOCHILAS ESPALDA;MOCHILA ESPALDA LSD 2018
91.28302;"ESPALDA LSD REFLEX 19""";17/10/2017;12;;12;;;MOCHILAS ESPALDA;MOCHILA ESPALDA LSD 2018
91.28501;"ESPALDA LSD SUNSET 18""";17/10/2017;12;;12;;;MOCHILAS ESPALDA;MOCHILA ESPALDA LSD 2018
91.28502;"ESPALDA LSD SUNSET 18""";17/10/2017;12;;12;;;MOCHILAS ESPALDA;MOCHILA ESPALDA LSD 2018
91.33001;"MOCHILA ESPALDA LSD B/ONE ESTAMPADA NENA 18""";01/11/2017;6;;6;;;MOCHILAS ESPALDA;MOCHILA ESPALDA LSD 2018
91.33007;"MOCHILA ESPALDA LSD B/ONE ESTAMPADA NENA 18""";01/11/2017;6;;6;;;MOCHILAS ESPALDA;MOCHILA ESPALDA LSD 2018
2485;" MOCHILA ESPALDA ME 14""";11/10/2017;4;;4;;;MOCHILAS ESPALDA;MOCHILA ESPALDA ME 
2489;" MOCHILA ESPALDA ME 15""";11/10/2017;15;;15;;;MOCHILAS ESPALDA;MOCHILA ESPALDA ME 
2490;" MOCHILA ESPALDA ME 15""";11/10/2017;11;;11;;;MOCHILAS ESPALDA;MOCHILA ESPALDA ME 
2492;" MOCHILA ESPALDA ME 15""";11/10/2017;8;;8;;;MOCHILAS ESPALDA;MOCHILA ESPALDA ME 
2493;" MOCHILA ESPALDA ME 17""";11/10/2017;5;;5;;;MOCHILAS ESPALDA;MOCHILA ESPALDA ME 
2495;"MOCHILA ESPALDA ME 17""";11/10/2017;2;;2;;;MOCHILAS ESPALDA;MOCHILA ESPALDA ME 
2499;"MOCHILA ESPALDA ME 18""";11/10/2017;2;;2;;;MOCHILAS ESPALDA;MOCHILA ESPALDA ME 
4082;MOCHILA ESPALDA MUAA C/PORTANOTBOOK;11/10/2017;5;;5;;;MOCHILAS ESPALDA;MOCHILA ESPALDA ME 
3532;MOCHILA ESPALDA;11/10/2017;67;;67;;;MOCHILAS ESPALDA;MOCHILA ESPALDA ME 
3537;MOCHILA ESPALDA;11/10/2017;2;;2;;;MOCHILAS ESPALDA;MOCHILA ESPALDA ME 
3536;MOCHILA ESPALDA;11/10/2017;1;;1;;;MOCHILAS ESPALDA;MOCHILA ESPALDA ME 
3330;ESPALDA FW;11/10/2017;1;;1;;;MOCHILAS ESPALDA;MOCHILA ESPALDA ME 
445;mochila kossok atenas 445 46.5x29;31/10/2017;0;;0;;;MOCHILAS ESPALDA;MOCHILAS ESPALDA KOSSOK
283;MOCHILA KOSSOK CHIPRE 283 - 44CM UNISEX;23/10/2017;5;;5;;;MOCHILAS ESPALDA;MOCHILAS ESPALDA KOSSOK
294;MOCHILA KOSSOK CHIPRE 294 - 44CM UNISEX;23/10/2017;5;;5;;;MOCHILAS ESPALDA;MOCHILAS ESPALDA KOSSOK
300;MOCHILA KOSSOK CHIPRE 300 - 44CM UNISEX;23/10/2017;10;;10;;;MOCHILAS ESPALDA;MOCHILAS ESPALDA KOSSOK
626;MOCHILA KOSSOK DEMVER KE004;17/10/2017;12;;12;;;MOCHILAS ESPALDA;MOCHILAS ESPALDA KOSSOK
619;MOCHILA KOSSOK DEMVER KE004;17/10/2017;12;;12;;;MOCHILAS ESPALDA;MOCHILAS ESPALDA KOSSOK
640;MOCHILA KOSSOK DEMVER KE004;17/10/2017;12;;12;;;MOCHILAS ESPALDA;MOCHILAS ESPALDA KOSSOK
652;MOCHILA KOSSOK DODU 652;09/11/2017;12;;12;;;MOCHILAS ESPALDA;MOCHILAS ESPALDA KOSSOK
633;MOCHILA KOSSOK DODU 633;09/11/2017;12;;12;;;MOCHILAS ESPALDA;MOCHILAS ESPALDA KOSSOK
114;MOCHILA KOSSOK EMIRO-114;07/11/2017;12;;12;;;MOCHILAS ESPALDA;MOCHILAS ESPALDA KOSSOK
663;MOCHILA KOSSOK EMIRO 663;07/11/2017;12;;12;;;MOCHILAS ESPALDA;MOCHILAS ESPALDA KOSSOK
627;MOCHILA KOSSOK EMIRO 627;07/11/2017;12;;12;;;MOCHILAS ESPALDA;MOCHILAS ESPALDA KOSSOK
283 EZE;MOCHILA KOSSOK EZE 283 47X29;23/10/2017;1;;1;;;MOCHILAS ESPALDA;MOCHILAS ESPALDA KOSSOK
331 EZE;MOCHILA KOSSOK EZE 331 47X29;23/10/2017;9;;9;;;MOCHILAS ESPALDA;MOCHILAS ESPALDA KOSSOK
331 HEDC;MOCHILA KOSSOK HEDCO 331 PORTALAPTO +ORGAN;23/10/2017;1;;1;;;MOCHILAS ESPALDA;MOCHILAS ESPALDA KOSSOK
308;MOCHILA KOSSOK MALIBU  FLK002;17/10/2017;12;;12;;;MOCHILAS ESPALDA;MOCHILAS ESPALDA KOSSOK
681;MOCHILA KOSSOK MANCHESTER FLK001;17/10/2017;6;;6;;;MOCHILAS ESPALDA;MOCHILAS ESPALDA KOSSOK
667;MOCHILA KOSSOK MANCHESTER FLK001;17/10/2017;6;;6;;;MOCHILAS ESPALDA;MOCHILAS ESPALDA KOSSOK
662;MOCHILA KOSSOK MANCHESTER FLK001;17/10/2017;6;;6;;;MOCHILAS ESPALDA;MOCHILAS ESPALDA KOSSOK
675;MOCHILA KOSSOK MANCHESTER FLK001;17/10/2017;6;;6;;;MOCHILAS ESPALDA;MOCHILAS ESPALDA KOSSOK
293 MERIN;MOCHILA KOSSOK MERINO 293 42X30;31/10/2017;1;;1;;;MOCHILAS ESPALDA;MOCHILAS ESPALDA KOSSOK
114;MOCHILA KOSSOK OXFORD MIL 003;17/10/2017;12;;12;;;MOCHILAS ESPALDA;MOCHILAS ESPALDA KOSSOK
613;MOCHILA KOSSOK OXFORD MIL 003;17/10/2017;12;;12;;;MOCHILAS ESPALDA;MOCHILAS ESPALDA KOSSOK
623;MOCHILA KOSSOK OXFORD MIL 003;17/10/2017;12;;12;;;MOCHILAS ESPALDA;MOCHILAS ESPALDA KOSSOK
114;MOCHILA KOSSOK PIEM 114;28/10/2017;12;;12;;;MOCHILAS ESPALDA;MOCHILAS ESPALDA KOSSOK
295PIEM;MOCHILA KOSSOK PIEM 295 44X32;23/10/2017;4;;4;;;MOCHILAS ESPALDA;MOCHILAS ESPALDA KOSSOK
303 PIEM;MOCHILA KOSSOK PIEM 303 44X32;23/10/2017;2;;2;;;MOCHILAS ESPALDA;MOCHILAS ESPALDA KOSSOK
308;MOCHILA KOSSOK PIEM 308;28/10/2017;12;;12;;;MOCHILAS ESPALDA;MOCHILAS ESPALDA KOSSOK
320 PIEM;MOCHILA KOSSOK PIEM 320 44 MOD. UNISEX;23/10/2017;5;;5;;;MOCHILAS ESPALDA;MOCHILAS ESPALDA KOSSOK
322 PIEM;MOCHILA KOSSOK PIEM 322 44 MOD. UNISEX;23/10/2017;5;;5;;;MOCHILAS ESPALDA;MOCHILAS ESPALDA KOSSOK
629;MOCHILA KOSSOK PIEM 629;28/10/2017;12;;12;;;MOCHILAS ESPALDA;MOCHILAS ESPALDA KOSSOK
632;MOCHILA KOSSOK PIEM 632;28/10/2017;12;;12;;;MOCHILAS ESPALDA;MOCHILAS ESPALDA KOSSOK
661;MOCHILA KOSSOK PIEM 661;28/10/2017;12;;12;;;MOCHILAS ESPALDA;MOCHILAS ESPALDA KOSSOK
307 REY;MOCHILA KOSSOK REY 307 44CM CON PORTA LAPTO;23/10/2017;5;;5;;;MOCHILAS ESPALDA;MOCHILAS ESPALDA KOSSOK
680;MOCHILA KOSSOK ROPIEM-680;07/11/2017;6;;6;;;MOCHILAS ESPALDA;MOCHILAS ESPALDA KOSSOK
660;MOCHILA KOSSOK ROPIEM-660;07/11/2017;6;;6;;;MOCHILAS ESPALDA;MOCHILAS ESPALDA KOSSOK
274 SUA;MOCHILA KOSSOK SUA 274 45X30;23/10/2017;1;;1;;;MOCHILAS ESPALDA;MOCHILAS ESPALDA KOSSOK
319 WILL;MOCHILA KOSSOK WILLY 319 48CM CON PORTA RAQUETA;23/10/2017;5;;5;;;MOCHILAS ESPALDA;MOCHILAS ESPALDA KOSSOK
320 WILL;MOCHILA KOSSOK WILLY 320 48CM CON PORTA RAQUETA;23/10/2017;2;;2;;;MOCHILAS ESPALDA;MOCHILAS ESPALDA KOSSOK
104829;"MOXHILA C/CARRO 18"" COMB NG/AZUL IRVING";11/10/2017;2;;2;;;MOCHILAS CARROS;MOCHILA VARON TOPOLA 2016
104830;"MOXHILA C/CARRO 18"" COMB NG/GRIS IRVING";11/10/2017;3;;3;;;MOCHILAS CARROS;MOCHILA VARON TOPOLA 2016
101750;MOCHILA CARRO;11/10/2017;1;;1;;;MOCHILAS CARROS;MOCHILA VARON TOPOLA 2016
94.80010;MOCHILA CARRO LSD FOOTBALL;11/10/2017;4;;4;;;MOCHILAS CARROS;MOCHILA CARRO LSD 
94.81011;MOCHILA CARRO LSD AUTOS;11/10/2017;6;;6;;;MOCHILAS CARROS;MOCHILA CARRO LSD 
94.96023;"CARRO LSD ESTAMPADA VARON 16""";11/10/2017;3;;3;;;MOCHILAS CARROS;MOCHILA CARRO LSD 
94.970.10;MOCHILA CARRO LSD NENE;11/10/2017;1;;1;;;MOCHILAS CARROS;MOCHILA CARRO LSD 
94.978.9;MOCHILA CARRO LSD ESTAMPADA NENE;11/10/2017;3;;3;;;MOCHILAS CARROS;MOCHILA CARRO LSD 
94.9602.1;MOCHILA C/CARRO ESTAMP. NENA;;6;;6;;;MOCHILAS CARROS;MOCHILA CARRO LSD 
94.961;MOCHILA CARRO    ;11/10/2017;1;;1;;;MOCHILAS CARROS;MOCHILA CARRO LSD 
94.970.9;MOCHILA CARRO LSD SURF;11/10/2017;10;;10;;;MOCHILAS CARROS;MOCHILA CARRO LSD 
94.451;"CARRO COMBINADA VARON 18""";11/10/2017;6;;6;;;MOCHILAS CARROS;MOCHILA CARRO LSD 
10.1250;"MOCHILA CARRO LSD UNISEX 16""";17/10/2017;30;;30;;;MOCHILAS CARROS;MOCHILA CARRO LSD 18
10.1251;"MOCHILA CARRO LSD ESTAMPADA NENA 16""";11/10/2017;30;;30;;;MOCHILAS CARROS;MOCHILA CARRO LSD 18
65.1000;"MOCHILA CARRO WILSON 18""";11/10/2017;6;;6;;;MOCHILAS CARROS;MOCHILA CARRO LSD 18
65.1001;"MOCHILA CARRO WILSON 18""";11/10/2017;6;;6;;;MOCHILAS CARROS;MOCHILA CARRO LSD 18
94.460;"CARRO LSD COMBINADA VARON 16""";17/10/2017;12;;12;;;MOCHILAS CARROS;MOCHILA CARRO LSD 18
94.461;"CARRO LSD LISA VARON 18""";11/10/2017;5;;5;;;MOCHILAS CARROS;MOCHILA CARRO LSD 18
94.9602;"CARRO LSD LISA VARON 16""";11/10/2017;18;;18;;;MOCHILAS CARROS;MOCHILA CARRO LSD 18
94.9602.2;"MOCHILA CARRO LSD ESTAMPADA NENA 16""";11/10/2017;12;;12;;;MOCHILAS CARROS;MOCHILA CARRO LSD 18
94.971;"MOCHILA CARRO LSD LISA VARON 18""";11/10/2017;30;;30;;;MOCHILAS CARROS;MOCHILA CARRO LSD 18
94.972;"MOCHILA CARRO LSD SIMPLE 18""";11/10/2017;4;;4;;;MOCHILAS CARROS;MOCHILA CARRO LSD 18
94.972.2;"MOCHILA CARRO LSD ESTAMPADA NENA 18""";11/10/2017;30;;30;;;MOCHILAS CARROS;MOCHILA CARRO LSD 18
94.978.2;"MOCHILA CARRO LSD ESTAMPADA NENA 18""";11/10/2017;16;;16;;;MOCHILAS CARROS;MOCHILA CARRO LSD 18
94.978.3;"MOCHILA CARRO LSD ESTAMPADA VARON 18""";22/10/2017;22;;22;;;MOCHILAS CARROS;MOCHILA CARRO LSD 18
;"MOCHILA CARRO SUNRISE 18"" NEON ";11/10/2017;2;;2;;;MOCHILAS CARROS;MOCHILA JWORLD NY 2016
;"MOCHILA CARRO SUNRISE 18"" CHEKERS";11/10/2017;1;;1;;;MOCHILAS CARROS;MOCHILA JWORLD NY 2016
;"MOCHILA CARRO SUNRISE 18"" BLUSH";11/10/2017;4;;4;;;MOCHILAS CARROS;MOCHILA JWORLD NY 2016
;" MOCHILA CARRO SUNRISE 18""CANDY";11/10/2017;3;;3;;;MOCHILAS CARROS;MOCHILA JWORLD NY 2016
;MOCHILA CARRO RBS-18L SUNRISE LISA BLACK;11/10/2017;4;;4;;;MOCHILAS CARROS;MOCHILA JWORLD NY 2016
;"BS-328 MOCHILA CARRO SUNRISE 18"" LISAS PURPLE";11/10/2017;4;;4;;;MOCHILAS CARROS;MOCHILA JWORLD NY 2016
;"RBS-328 MOCHILA CARRO SUNRISE 18"" LISAS BLUE";11/10/2017;1;;1;;;MOCHILAS CARROS;MOCHILA JWORLD NY 2016
;"RBS-328 MOCHILA CARRO SUNRISE 18"" LISAS PINK";11/10/2017;7;;7;;;MOCHILAS CARROS;MOCHILA JWORLD NY 2016
;"RBS-328 MOCHILA CARRO SUNRISE 18"" LISAS BLACK";11/10/2017;5;;5;;;MOCHILAS CARROS;MOCHILA JWORLD NY 2016
;"RB19 MOCHILA CARRO SUNDANCE II DOBLE 19"" BLUSH";11/10/2017;4;;4;;;MOCHILAS CARROS;MOCHILA JWORLD NY 2016
;"RB19 MOCHILA CARRO SUNDANCE II DOBLE 19""ORCHID";11/10/2017;4;;4;;;MOCHILAS CARROS;MOCHILA JWORLD NY 2016
;RBS-16 MOCHILA CARRO + LUNCHERA LOLLIPOPPINK;11/10/2017;4;;4;;;MOCHILAS CARROS;MOCHILA JWORLD NY 2016
; RBS-16 MOCHILA CARRO + LUNCHERA LOLLIPOPCANDY;11/10/2017;5;;5;;;MOCHILAS CARROS;MOCHILA JWORLD NY 2016
;RBS-16 MOCHILA CARRO + LUNCHERA LOLLIPOP RAIN;11/10/2017;2;;2;;;MOCHILAS CARROS;MOCHILA JWORLD NY 2016
;MOCHILA CARRO SUNRISE RBS-18 GARDEN PURPLE;11/10/2017;6;;6;;;MOCHILAS CARROS;MOCHILA JWORLD 2017
;MOCHILA CARRO SUNRISE RBS-18 INDIGO;11/10/2017;9;;9;;;MOCHILAS CARROS;MOCHILA JWORLD 2017
;MOCHILA CARRO SUNRISE RBS-18 DISCO;11/10/2017;9;;9;;;MOCHILAS CARROS;MOCHILA JWORLD 2017
;MOCHILA CARRO SUNRISE RBS-18 CUBES;11/10/2017;7;;7;;;MOCHILAS CARROS;MOCHILA JWORLD 2017
;MOCHILA CARRO SUNDACE RBS-19 PURPLES FLOWERS;11/10/2017;10;;10;;;MOCHILAS CARROS;MOCHILA JWORLD 2017
;MOCHILA CARRO SUNDACE RBS-19BLOCK PINK;11/10/2017;10;;10;;;MOCHILAS CARROS;MOCHILA JWORLD 2017
;MOCHILA CARRO SUNDACE RBS-19 BLCK VARON;11/10/2017;10;;10;;;MOCHILAS CARROS;MOCHILA JWORLD 2017
;MOCHILA CARRO SUNDACE RBS-19 BLAC NAVY VAR;11/10/2017;8;;8;;;MOCHILAS CARROS;MOCHILA JWORLD 2017
;MOCHILA CARRO LOLLIPOP RBS SEAWORDLD NENA;11/10/2017;8;;8;;;MOCHILAS CARROS;MOCHILA JWORLD 2017
;MOCHILA CARRO LOLLIPOP EBS POPY C/LONCHERA;11/10/2017;6;;6;;;MOCHILAS CARROS;MOCHILA JWORLD 2017
;MOCHILA CARRO SUNNY RBS 17 SPECLE NENA;11/10/2017;4;;4;;;MOCHILAS CARROS;MOCHILA JWORLD 2017
;MOCHILA CARRO SUNNY RBS 17 ANIPHABETS NENA;11/10/2017;7;;7;;;MOCHILAS CARROS;MOCHILA JWORLD 2017
;MOCHILA CARRO PATROL KEB-005 VARON;11/10/2017;8;;8;;;MOCHILAS CARROS;MOCHILA JWORLD 2017
;MOCHILA CARRO RBS- 18 BLE RASPBERRY;11/10/2017;4;;4;;;MOCHILAS CARROS;MOCHILA JWORLD 2017
;MOCHILA CARRO RBS- 18 BLOK NAVY;11/10/2017;4;;4;;;MOCHILAS CARROS;MOCHILA JWORLD 2017
202SP585;"AVENGER CARRO 12""";08/11/2017;4;;4;;;MOCHILAS CARROS;MOCHILA CARRO LICENCIA
SP658;"AVENGERS CARRO 18""";08/11/2017;1;;1;;;MOCHILAS CARROS;MOCHILA CARRO LICENCIA
202SP593;"AVENGERS CARRO 12""";08/11/2017;1;;1;;;MOCHILAS CARROS;MOCHILA CARRO LICENCIA
61051;"MOCHILA CARRO CARS 12""";08/11/2017;1;;1;;;MOCHILAS CARROS;MOCHILA CARRO LICENCIA
81151;"MOCHILA CARRO CARS 12""";08/11/2017;3;;3;;;MOCHILAS CARROS;MOCHILA CARRO LICENCIA
81153;"MOCHILA CARRO CARS 16""";08/11/2017;11;;11;;;MOCHILAS CARROS;MOCHILA CARRO LICENCIA
101330;"MOCHILA CARRO CHENKIDS 12""";08/11/2017;1;;1;;;MOCHILAS CARROS;MOCHILA CARRO LICENCIA
104509/502;"MOCHILA CARRO CHENKIDS 14""";08/11/2017;20;;20;;;MOCHILAS CARROS;MOCHILA CARRO LICENCIA
CHT2012;"MOCHILA CARRO CHIMOLA BUHO 12""";08/11/2017;19;;19;;;MOCHILAS CARROS;MOCHILA CARRO LICENCIA
CHT2016;"MOCHILA CARRO CHIMOLA BUHO 16""";08/11/2017;4;;4;;;MOCHILAS CARROS;MOCHILA CARRO LICENCIA
CHT3012;"MOCHILA CARRO CHIMOLA JIRAFA 12""";08/11/2017;19;;19;;;MOCHILAS CARROS;MOCHILA CARRO LICENCIA
CHT3016;"MOCHILA CARRO CHIMOLA JIRAFA 16""";08/11/2017;3;;3;;;MOCHILAS CARROS;MOCHILA CARRO LICENCIA
CHT1012;"MOCHILA CARRO CHIMOLA KOALA 12""";08/11/2017;19;;19;;;MOCHILAS CARROS;MOCHILA CARRO LICENCIA
CHT1016;"MOCHILA CARRO CHIMOLA KOALA 16""";08/11/2017;5;;5;;;MOCHILAS CARROS;MOCHILA CARRO LICENCIA
89401;"MOCHILA CARRO DORY 12""";08/11/2017;3;;3;;;MOCHILAS CARROS;MOCHILA CARRO LICENCIA
JB-7533N719;"MOCHILA CARRO DRA. JUGUETES 14""";08/11/2017;10;;10;;;MOCHILAS CARROS;MOCHILA CARRO LICENCIA
4102;"MOCHILA CARRO ME DRAGON BALL Z 12""";08/11/2017;30;;30;;;MOCHILAS CARROS;MOCHILA CARRO LICENCIA
9741;"MOCHILA CARRO EVER AFTER HIGH 14""";08/11/2017;2;;2;;;MOCHILAS CARROS;MOCHILA CARRO LICENCIA
9752;MOCHILA CARRO EVER AFTER HIGH 30X12X48;08/11/2017;5;;5;;;MOCHILAS CARROS;MOCHILA CARRO LICENCIA
89301;"MOCHILA CARRO FROZEN 12""";08/11/2017;5;;5;;;MOCHILAS CARROS;MOCHILA CARRO LICENCIA
94879303;"MOCHILA CARRO FROZEN 16""";08/11/2017;1;;1;;;MOCHILAS CARROS;MOCHILA CARRO LICENCIA
94879319;"MOCHILA CARRO FROZEN OLAF 12""";08/11/2017;4;;4;;;MOCHILAS CARROS;MOCHILA CARRO LICENCIA
60153;"MOCHILA CARRO FROZEN  CON BOLSILLO 16""";08/11/2017;1;;1;;;MOCHILAS CARROS;MOCHILA CARRO LICENCIA
94879319;MOCHILA CARRO FROZEN  CON RED LAT/OLAF;08/11/2017;1;;1;;;MOCHILAS CARROS;MOCHILA CARRO LICENCIA
4108;"MOCHILA CARRO ME GAMBETA 16""";08/11/2017;6;;6;;;MOCHILAS CARROS;MOCHILA CARRO LICENCIA
4109;"MOCHILA CARRO ME GAMBETA 12""";08/11/2017;19;;19;;;MOCHILAS CARROS;MOCHILA CARRO LICENCIA
60165;MOCHILA CARRO HENRY CON BOLS RED LATER;08/11/2017;5;;5;;;MOCHILAS CARROS;MOCHILA CARRO LICENCIA
28736;MOCHILA CARRO HOT WHEELS;08/11/2017;5;;5;;;MOCHILAS CARROS;MOCHILA CARRO LICENCIA
28752;MOCHILA CARRO HOT WHEELS;08/11/2017;1;;1;;;MOCHILAS CARROS;MOCHILA CARRO LICENCIA
28605;"MOCHILA CARRO HOT WHEELS 18""";08/11/2017;2;;2;;;MOCHILAS CARROS;MOCHILA CARRO LICENCIA
28701;"MOCHILA CARRO HOT WHEELS 16""";08/11/2017;3;;3;;;MOCHILAS CARROS;MOCHILA CARRO LICENCIA
2251;"MOCHILA CARRO GATURRO 12""";08/11/2017;1;;1;;;MOCHILAS CARROS;MOCHILA CARRO LICENCIA
KM681;MOCHILA CARRO MINNIE ;08/11/2017;1;;1;;;MOCHILAS CARROS;MOCHILA CARRO LICENCIA
571MK868;"MOCHILA CARRO KITTY 14""";08/11/2017;2;;2;;;MOCHILAS CARROS;MOCHILA CARRO LICENCIA
571MK892;"MOCHILA CARRO KITTY 12""";08/11/2017;1;;1;;;MOCHILAS CARROS;MOCHILA CARRO LICENCIA
571MK921;"MOCHILA CARRO KITTY 17""";08/11/2017;1;;1;;;MOCHILAS CARROS;MOCHILA CARRO LICENCIA
571MK768;"MOCHILA CARRO KITTY 16""";08/11/2017;1;;1;;;MOCHILAS CARROS;MOCHILA CARRO LICENCIA
MK778;"MOCHILA CARRO KITTY 16""";08/11/2017;2;;2;;;MOCHILAS CARROS;MOCHILA CARRO LICENCIA
624;MOCHILA CARRO CHICO HELLO KITTY;08/11/2017;1;;1;;;MOCHILAS CARROS;MOCHILA CARRO LICENCIA
4115;"MOCHILA CARRO ME LOVE 16""";08/11/2017;3;;3;;;MOCHILAS CARROS;MOCHILA CARRO LICENCIA
4116;"MOCHILA CARRO ME LOVE 12""";08/11/2017;10;;10;;;MOCHILAS CARROS;MOCHILA CARRO LICENCIA
89101;"MOCHILA CARRO MINIONS 12""";08/11/2017;14;;14;;;MOCHILAS CARROS;MOCHILA CARRO LICENCIA
89103;"MOCHILA CARRO MINIONS 16""";08/11/2017;2;;2;;;MOCHILAS CARROS;MOCHILA CARRO LICENCIA
H-NB202DM503;"MOCHILA CARRO MONSTER HIGH 16""";08/11/2017;1;;1;;;MOCHILAS CARROS;MOCHILA CARRO LICENCIA
DM 501;MOCHILA CARRO MONSTER HIGH ;08/11/2017;1;;1;;;MOCHILAS CARROS;MOCHILA CARRO LICENCIA
80301;"MOCHILA CARRO PALACE P. 12""";08/11/2017;1;;1;;;MOCHILAS CARROS;MOCHILA CARRO LICENCIA
PZ111;MOCHILA CARRO PLANTA VS ZOMBIES;08/11/2017;1;;1;;;MOCHILAS CARROS;MOCHILA CARRO LICENCIA
80256;"MOCHILA CARRO PRINCESAS 12""";08/11/2017;3;;3;;;MOCHILAS CARROS;MOCHILA CARRO LICENCIA
101332;"MOCHILA CARRO CHENKIDS 14""";08/11/2017;17;;17;;;MOCHILAS CARROS;MOCHILA CARRO LICENCIA
24710;MOCHILA CARRO JARDIN SHERIFF 29X11X34;08/11/2017;5;;5;;;MOCHILAS CARROS;MOCHILA CARRO LICENCIA
2603;"MOCHILA CARRO ME SIMPSONS 17""";08/11/2017;8;;8;;;MOCHILAS CARROS;MOCHILA CARRO LICENCIA
4123;"MOCHILA CARRO ME SIMPSONS 12""";08/11/2017;9;;9;;;MOCHILAS CARROS;MOCHILA CARRO LICENCIA
75331N719;"MOCHILA CARRO PRINCESA SOFIA 14"" ";08/11/2017;2;;2;;;MOCHILAS CARROS;MOCHILA CARRO LICENCIA
81401;"MOCHILA CARRO SOY LUNA 12""";08/11/2017;22;;22;;;MOCHILAS CARROS;MOCHILA CARRO LICENCIA
81411;"MOCHILA CARRO SOY LUNA 12""";08/11/2017;7;;7;;;MOCHILAS CARROS;MOCHILA CARRO LICENCIA
81421;"MOCHILA CARRO SOY LUNA 12""";08/11/2017;1;;1;;;MOCHILAS CARROS;MOCHILA CARRO LICENCIA
63001;"MOCHILA CARRO INTENSAMENTE 12""";08/11/2017;2;;2;;;MOCHILAS CARROS;MOCHILA CARRO LICENCIA
26N712;MOCHILA CARRO GALLINA PINTADA;08/11/2017;3;;3;;;MOCHILAS CARROS;MOCHILA CARRO LICENCIA
2318;MOCHILA CARRO OSITOS CARIÑOSOS;08/11/2017;1;;1;;;MOCHILAS CARROS;MOCHILA CARRO LICENCIA
82361;"MOCHILA CARRO SPIDERMAN 12""";08/11/2017;5;;5;;;MOCHILAS CARROS;MOCHILA CARRO LICENCIA
82363;"MOCHILA CARRO SPIDERMAN 17""";08/11/2017;3;;3;;;MOCHILAS CARROS;MOCHILA CARRO LICENCIA
89201;"MOCHILA CARRO S. WARS 12""";08/11/2017;2;;2;;;MOCHILAS CARROS;MOCHILA CARRO LICENCIA
88151;MOCHILA CARRO TRANSFORMERS ;08/11/2017;6;;6;;;MOCHILAS CARROS;MOCHILA CARRO LICENCIA
88153Y;MOCHILA CARRO TRANSFORMERS ;08/11/2017;3;;3;;;MOCHILAS CARROS;MOCHILA CARRO LICENCIA
94858151;"MOCHILA CARRO TRANSFORMERS 12""";08/11/2017;1;;1;;;MOCHILAS CARROS;MOCHILA CARRO LICENCIA
202SP021;"MOCHILA ESPALDA AVENGERS 12""";08/11/2017;2;;2;;;MOCHILAS ESPALDA;MOCHILA ESPALDA LICENCIA
202SP023;"MOCHILA ESPALDA AVENGERS 12""";08/11/2017;1;;1;;;MOCHILAS ESPALDA;MOCHILA ESPALDA LICENCIA
202SP025;"MOCHILA ESPALDA AVENGERS 12""";08/11/2017;1;;1;;;MOCHILAS ESPALDA;MOCHILA ESPALDA LICENCIA
23BJ41;"MOCHILA ESPALDA BOCA 15""";08/11/2017;1;;1;;;MOCHILAS ESPALDA;MOCHILA ESPALDA LICENCIA
81156;"MOCHILA ESPALDA CARS 12""";08/11/2017;1;;1;;;MOCHILAS ESPALDA;MOCHILA ESPALDA LICENCIA
202CQ024;"MOCHILA ESPALDA COMO QUIERAS 16""";08/11/2017;1;;1;;;MOCHILAS ESPALDA;MOCHILA ESPALDA LICENCIA
202CQ041;"MOCHILA ESPALDA COMO QUIERAS 18""";08/11/2017;2;;2;;;MOCHILAS ESPALDA;MOCHILA ESPALDA LICENCIA
202CQ007;"MOCHILA ESPALDA COMO QUIERAS 14""";08/11/2017;1;;1;;;MOCHILAS ESPALDA;MOCHILA ESPALDA LICENCIA
202CQ020;"MOCHILA ESPALDA COMO QUIERAS 16""";08/11/2017;3;;3;;;MOCHILAS ESPALDA;MOCHILA ESPALDA LICENCIA
202CQ023;"MOCHILA ESPALDA COMO QUIERAS 16""";08/11/2017;1;;1;;;MOCHILAS ESPALDA;MOCHILA ESPALDA LICENCIA
202CQ023;"MOCHILA ESPALDA COMO QUIERAS 16""";08/11/2017;2;;2;;;MOCHILAS ESPALDA;MOCHILA ESPALDA LICENCIA
CH3012;"MOCHILA DE ESPALDA CHIMOLAS JIRAFA 12""";08/11/2017;14;;14;;;MOCHILAS ESPALDA;MOCHILA ESPALDA LICENCIA
CH3016;"MOCHILA DE ESPALDA CHIMOLAS JIRAFA 16""";08/11/2017;5;;5;;;MOCHILAS ESPALDA;MOCHILA ESPALDA LICENCIA
CH2012;"MOCHILA DE ESPALDA CHIMOLAS KOALA 12""";08/11/2017;16;;16;;;MOCHILAS ESPALDA;MOCHILA ESPALDA LICENCIA
CH2016;"MOCHILA DE ESPALDA CHIMOLAS KOALA 16""";08/11/2017;4;;4;;;MOCHILAS ESPALDA;MOCHILA ESPALDA LICENCIA
CH2012;MOCHILA ESPALDA CHIMOLAS BUHO;08/11/2017;15;;15;;;MOCHILAS ESPALDA;MOCHILA ESPALDA LICENCIA
CH2016;MOCHILA ESPALDA CHIMOLAS BUHO;08/11/2017;2;;2;;;MOCHILAS ESPALDA;MOCHILA ESPALDA LICENCIA
89406;"MOCHILA ESPALDA DORY 12""";08/11/2017;2;;2;;;MOCHILAS ESPALDA;MOCHILA ESPALDA LICENCIA
4097;"MOCHILA ESPALDA ME DRAGON BALL Z 13""";08/11/2017;15;;15;;;MOCHILAS ESPALDA;MOCHILA ESPALDA LICENCIA
4098;"MOCHILA ESPALDA ME DRAGON BALL Z 10,5""";08/11/2017;4;;4;;;MOCHILAS ESPALDA;MOCHILA ESPALDA LICENCIA
35116;"MOCHILA ESPALDA ELENA 12""";08/11/2017;2;;2;;;MOCHILAS ESPALDA;MOCHILA ESPALDA LICENCIA
35242;"MOCHILA ESPALDA ELENA 12""";08/11/2017;1;;1;;;MOCHILAS ESPALDA;MOCHILA ESPALDA LICENCIA
94879313;"MOCHILA ESPALDA FROZEN ELSA 3D 12""";08/11/2017;2;;2;;;MOCHILAS ESPALDA;MOCHILA ESPALDA LICENCIA
94879318;"MOCHILA ESPALDA FROZEN OLAF 12""";08/11/2017;2;;2;;;MOCHILAS ESPALDA;MOCHILA ESPALDA LICENCIA
94879320;MOCHILA ESPALDA FROZEN OLAF 3D BOL. LAT.;08/11/2017;2;;2;;;MOCHILAS ESPALDA;MOCHILA ESPALDA LICENCIA
4107;"MOCHILA ESPALDA GAMBETA FRENTE EVA 13""";08/11/2017;18;;18;;;MOCHILAS ESPALDA;MOCHILA ESPALDA LICENCIA
4105;"MOCHILA ESPALDA GAMBETA 13""";08/11/2017;17;;17;;;MOCHILAS ESPALDA;MOCHILA ESPALDA LICENCIA
2545;"MOCHILA ESPALDA GATURRO 16""";08/11/2017;3;;3;;;MOCHILAS ESPALDA;MOCHILA ESPALDA LICENCIA
23IN12;"MOCHILA ESPALDA INDEPENDIENTE 17""";08/11/2017;1;;1;;;MOCHILAS ESPALDA;MOCHILA ESPALDA LICENCIA
63000;"MOCHILA ESPALDA INTENSAMENTE 12""";08/11/2017;7;;7;;;MOCHILAS ESPALDA;MOCHILA ESPALDA LICENCIA
571MK793;"MOCHILA ESPALDA KITTY 17""";08/11/2017;1;;1;;;MOCHILAS ESPALDA;MOCHILA ESPALDA LICENCIA
571MK893;"MOCHILA ESPALDA KITTY 17""";08/11/2017;1;;1;;;MOCHILAS ESPALDA;MOCHILA ESPALDA LICENCIA
571MK899;"MOCHILA ESPALDA KITTY 14""";08/11/2017;3;;3;;;MOCHILAS ESPALDA;MOCHILA ESPALDA LICENCIA
571MK923;"MOCHILA ESPALDA KITTY 17""";08/11/2017;2;;2;;;MOCHILAS ESPALDA;MOCHILA ESPALDA LICENCIA
571MK929;"MOCHILA ESPALDA KITTY 14""";08/11/2017;1;;1;;;MOCHILAS ESPALDA;MOCHILA ESPALDA LICENCIA
571MK919;"MOCHILA ESPALDA KITTY 14""";08/11/2017;2;;2;;;MOCHILAS ESPALDA;MOCHILA ESPALDA LICENCIA
MK779;MOCHILA ESPALDA KITTY ;08/11/2017;1;;1;;;MOCHILAS ESPALDA;MOCHILA ESPALDA LICENCIA
4111;"MOCHILA ESPALDA ME LOVE 13""";08/11/2017;25;;25;;;MOCHILAS ESPALDA;MOCHILA ESPALDA LICENCIA
4112;"MOCHILA ESPALDA ME LOVE 10,5""";08/11/2017;12;;12;;;MOCHILAS ESPALDA;MOCHILA ESPALDA LICENCIA
4114;"MOCHILA ESPALDA ME LOVE 11"" EVA";08/11/2017;11;;11;;;MOCHILAS ESPALDA;MOCHILA ESPALDA LICENCIA
22221;"MOCHILA ESPALDA MASCOTA MAX 12""";08/11/2017;1;;1;;;MOCHILAS ESPALDA;MOCHILA ESPALDA LICENCIA
22242;"MOCHILA ESPALDA MASCOTAS 12""";08/11/2017;1;;1;;;MOCHILAS ESPALDA;MOCHILA ESPALDA LICENCIA
89102;"MOCHILA ESPALDAS MINIONS 16""";08/11/2017;1;;1;;;MOCHILAS ESPALDA;MOCHILA ESPALDA LICENCIA
94879107;"MOCHILA ESPALDA MINIONS 17""BOL. LAT Y DELA.";08/11/2017;2;;2;;;MOCHILAS ESPALDA;MOCHILA ESPALDA LICENCIA
104066;"MOCHILA ESPALDA PEPA CORAZONES 14""";08/11/2017;2;;2;;;MOCHILAS ESPALDA;MOCHILA ESPALDA LICENCIA
PR50240;"MOCHILA ESPALDA PRINCESAS 12""";08/11/2017;6;;6;;;MOCHILAS ESPALDA;MOCHILA ESPALDA LICENCIA
PR50250;"MOCHILA ESPALDA PRINCESAS 12""";08/11/2017;2;;2;;;MOCHILAS ESPALDA;MOCHILA ESPALDA LICENCIA
PR80250;"MOCHILA ESPALDA PRINCESAS 12""";08/11/2017;2;;2;;;MOCHILAS ESPALDA;MOCHILA ESPALDA LICENCIA
60250;MOCHILA ESPALDA PRINCESAS ;08/11/2017;1;;1;;;MOCHILAS ESPALDA;MOCHILA ESPALDA LICENCIA
50237;MOCHILA ESPALDA PRINCESAS ;08/11/2017;1;;1;;;MOCHILAS ESPALDA;MOCHILA ESPALDA LICENCIA
94850218;"MOCHILA ESPALDA PRINCESAS BELLA DURMIENTE 16""";08/11/2017;1;;1;;;MOCHILAS ESPALDA;MOCHILA ESPALDA LICENCIA
23SL12;"MOCHILA ESPALDA SAN LORENZO 17""";08/11/2017;1;;1;;;MOCHILAS ESPALDA;MOCHILA ESPALDA LICENCIA
75224222;MOCHILA ESPALDA SHERIFF CALLIE JARDIN ;08/11/2017;1;;1;;;MOCHILAS ESPALDA;MOCHILA ESPALDA LICENCIA
202SI074;"MOCHILA ESPALDA SIMONES 14""";08/11/2017;2;;2;;;MOCHILAS ESPALDA;MOCHILA ESPALDA LICENCIA
202SI091;"MOCHILA ESPALDA SIMONES 16""";08/11/2017;2;;2;;;MOCHILAS ESPALDA;MOCHILA ESPALDA LICENCIA
4121;"MOCHILA ESPALDA ME SIMPSONS EVA 13"" ";08/11/2017;12;;12;;;MOCHILAS ESPALDA;MOCHILA ESPALDA LICENCIA
815400;"MOCHILA ESPALDA SOY LUNA 12""";08/11/2017;14;;14;;;MOCHILAS ESPALDA;MOCHILA ESPALDA LICENCIA
81410;"MOCHILA ESPALDA SOY LUNA 12""";08/11/2017;4;;4;;;MOCHILAS ESPALDA;MOCHILA ESPALDA LICENCIA
81424;"MOCHILA ESPALDA SOY LUNA 16""";08/11/2017;1;;1;;;MOCHILAS ESPALDA;MOCHILA ESPALDA LICENCIA
SP82360;"MOCHILA ESPALDA SPIDERMAN 12""";08/11/2017;5;;5;;;MOCHILAS ESPALDA;MOCHILA ESPALDA LICENCIA
82652;"MOCHILA ESPALDA SPIDERMAN 18""";08/11/2017;2;;2;;;MOCHILAS ESPALDA;MOCHILA ESPALDA LICENCIA
94859204;"MOCHILA ESPALDA STAR WARS 17""";08/11/2017;1;;1;;;MOCHILAS ESPALDA;MOCHILA ESPALDA LICENCIA
94854352;"MOCHILA ESPALDA HADAS TINKEL CON BOLSILLO 16""";08/11/2017;2;;2;;;MOCHILAS ESPALDA;MOCHILA ESPALDA LICENCIA
94854045;"MOCHILA ESPALDA TINKEL CON RED LAT. 16""";08/11/2017;2;;2;;;MOCHILAS ESPALDA;MOCHILA ESPALDA LICENCIA
88150;"MOCHILA ESPALDA TRANSFORMERS 12""";08/11/2017;5;;5;;;MOCHILAS ESPALDA;MOCHILA ESPALDA LICENCIA
68450;"MOCHILA ESPALDA TRANSFORMERS 12""";08/11/2017;1;;1;;;MOCHILAS ESPALDA;MOCHILA ESPALDA LICENCIA
68152;"MOCHILA ESPALDA TRANSFORMERS 16""";08/11/2017;1;;1;;;MOCHILAS ESPALDA;MOCHILA ESPALDA LICENCIA
88152;"MOCHILA ESPALDA TRANSFORMERS 16""";08/11/2017;2;;2;;;MOCHILAS ESPALDA;MOCHILA ESPALDA LICENCIA
49116;MOCHILA ESPALDA TROLLS JARDIN;08/11/2017;1;;1;;;MOCHILAS ESPALDA;MOCHILA ESPALDA LICENCIA
49242;MOCHILA ESPALDA TROLLS JARDIN;08/11/2017;1;;1;;;MOCHILAS ESPALDA;MOCHILA ESPALDA LICENCIA
39720010;MOCHILA ESPALDA PELIKAN MINI ROBOT 800258;16/11/2017;12;;;;;MOCHILAS ESPALDA;MOCHILAS PELIKAN
39720020;MOCHILA ESPALDA PELIKAN MINI SAFARI 800359;16/11/2017;12;;;;;MOCHILAS ESPALDA;MOCHILAS PELIKAN
39730020;MOCHILA ESPALDA PELIKAN DEPORTIVA FLORES 800363;16/11/2017;12;;;;;MOCHILAS ESPALDA;MOCHILAS PELIKAN
39730040;MOCHILA ESPALDA PELIKAN DEPORTIVA EXTREMA 800365;16/11/2017;12;;;;;MOCHILAS ESPALDA;MOCHILAS PELIKAN
39740010;MOCHILA ESPALDA PELIKAN MAXI PIXELES 800366;16/11/2017;12;;;;;MOCHILAS ESPALDA;MOCHILAS PELIKAN
39740020;MOCHILA ESPALDA PELIKAN  MAXI ARABESCO 800367;16/11/2017;12;;;;;MOCHILAS ESPALDA;MOCHILAS PELIKAN
39740040;MOCHILA ESPALDA PELIKAN MAXI AZUL 800369;16/11/2017;12;;;;;MOCHILAS ESPALDA;MOCHILAS PELIKAN
99104017;MOCHILA ESPALDA PELIKAN DIPTICO 2018 800370;16/11/2017;10;;;;;MOCHILAS ESPALDA;MOCHILAS PELIKAN
929514;" MOCHILA ESPALDA FW AZTECA CLASICA 17""";16/11/2017;24;;24;;;MOCHILAS ESPALDA;MOCHILAS FOUR WITCH
9162;" MOCHILA ESPALDA FW AZTECA DET EN CUE GUARDAS 17""";16/11/2017;24;;24;;;MOCHILAS ESPALDA;MOCHILAS FOUR WITCH
9791;" MOCHILA ESPALDA FW ESTRELLAS 17""";16/11/2017;24;;24;;;MOCHILAS ESPALDA;MOCHILAS FOUR WITCH
9164; MOCHILA ESPALDA FW FLOWERS DET.EN CUERO ;16/11/2017;18;;18;;;MOCHILAS ESPALDA;MOCHILAS FOUR WITCH
92957;" MOCHILA ESPALDA FW MILITARY 17""";16/11/2017;48;;48;;;MOCHILAS ESPALDA;MOCHILAS FOUR WITCH
929528;" MOCHILA ESPALDA FW  WINDSOR QF-140502-A 17""";16/11/2017;24;;24;;;MOCHILAS ESPALDA;MOCHILAS FOUR WITCH
9158;" MOCHILA ESPALDA FW  RAYAS DET. EN CUERO 17""";16/11/2017;20;;20;;;MOCHILAS ESPALDA;MOCHILAS FOUR WITCH
929515;" MOCHILA ESPALDA FW CIERRE VERT. C/CUER 5681 18,5""";16/11/2017;24;;24;;;MOCHILAS ESPALDA;MOCHILAS FOUR WITCH
92953;" MOCHILA ESPALDA FW STRONG 5687 18,5""";16/11/2017;24;;24;;;MOCHILAS ESPALDA;MOCHILAS FOUR WITCH
3376;MALETIN FW KANVAS CLASICO 37X6X30;16/11/2017;6;;6;;;MALETINES;MALETINES FOUR WITCH
3379;MALETIN FW KANVAS COLOR 37X6X30;16/11/2017;6;;6;;;MALETINES;MALETINES FOUR WITCH
